StudentID,StudentName,节点1收益,节点2收益,节点3收益,总收益,20好感礼物数,40好感礼物数,60好感礼物数,120好感礼物数,180好感礼物数,240好感礼物数,节点1推荐顺序,节点2推荐顺序,节点3推荐顺序
10000,爱露,20.1642,18.5768,57.7191,96.4601,1.8660,0.1780,0.0593,0.2207,0.0184,0.0000,花->光芒,蒲公英->花->其它花->光芒,花->灿烂->闪亮
10001,艾米,20.3459,18.7773,57.9706,97.0938,1.8024,0.2417,0.0592,0.2207,0.0184,0.0000,花->光芒,蒲公英->玫瑰->花->其它花,花->灿烂->闪亮
10002,晴奈,19.6192,18.5533,58.0683,96.2408,2.0288,0.0000,0.0745,0.2207,0.0000,0.0184,花->光芒,木莲花->花->其它花->光芒,花->灿烂->闪亮
10003,日富美,19.8009,18.4530,58.3198,96.5737,1.9749,0.0641,0.0643,0.2207,0.0000,0.0184,花->光芒,牵牛花->牡丹->花->其它花,花->灿烂->闪亮
10004,日奈,19.6192,18.0967,58.0683,95.7841,2.0440,0.0000,0.0593,0.2207,0.0000,0.0184,花->光芒,蒲公英->花->其它花->光芒,花->灿烂->闪亮
10005,星野,19.6192,18.0967,60.2757,97.9916,2.0440,0.0000,0.0593,0.2024,0.0000,0.0368,花->光芒,蒲公英->花->其它花->光芒,花->灿烂->闪亮
10006,伊织,20.3459,18.7440,57.9706,97.0605,1.8057,0.2384,0.0592,0.2207,0.0184,0.0000,花->光芒,水仙花->樱花->花->其它花,花->灿烂->闪亮
10007,真纪,20.3459,18.6658,57.9706,96.9823,1.8118,0.2332,0.0583,0.2207,0.0184,0.0000,花->光芒,紫薇花->花->其它花->光芒,花->灿烂->闪亮
10008,妮露,20.3459,18.6658,57.9706,96.9823,1.8118,0.2332,0.0583,0.2207,0.0184,0.0000,花->光芒,紫薇花->花->其它花->光芒,花->灿烂->闪亮
10009,泉,20.1642,18.5768,57.7191,96.4601,1.8660,0.1780,0.0593,0.2207,0.0184,0.0000,花->光芒,水仙花->花->其它花->光芒,花->灿烂->闪亮
10010,白子,19.8009,18.4596,57.2160,95.4766,1.9745,0.0644,0.0644,0.2207,0.0184,0.0000,花->光芒,牵牛花->花->其它花->光芒,花->灿烂->闪亮
10011,瞬,19.9825,18.5012,57.4676,95.9514,1.9203,0.1220,0.0610,0.2207,0.0184,0.0000,花->光芒,樱花->花->其它花->光芒,花->灿烂->闪亮
10012,堇,19.8009,18.4596,57.2160,95.4766,1.9745,0.0644,0.0644,0.2207,0.0184,0.0000,花->光芒,牵牛花->花->其它花->光芒,花->灿烂->闪亮
10013,鹤城,19.6192,18.0460,58.0683,95.7335,2.0457,0.0000,0.0576,0.2207,0.0000,0.0184,花->光芒,郁金香->花->其它花->光芒,花->灿烂->闪亮
13000,茜,19.6192,18.5533,56.9645,95.1370,2.0288,0.0000,0.0745,0.2207,0.0184,0.0000,花->光芒,金盏花->花->其它花->光芒,花->灿烂->闪亮
13001,千世,20.5275,18.7617,58.2221,97.5113,1.7575,0.2882,0.0576,0.2207,0.0184,0.0000,花->光芒,郁金香->花->其它花->光芒,花->灿烂->闪亮
13002,明里,19.8009,18.4031,58.3198,96.5238,1.9799,0.0591,0.0643,0.2207,0.0000,0.0184,花->光芒,百合花->水仙花->花->其它花,花->灿烂->闪亮
13003,莲见,20.3459,18.7773,57.9706,97.0938,1.8024,0.2417,0.0592,0.2207,0.0184,0.0000,花->光芒,水仙花->百合花->花->其它花,花->灿烂->闪亮
13004,野宫,19.9825,18.5012,57.4676,95.9514,1.9203,0.1220,0.0610,0.2207,0.0184,0.0000,花->光芒,樱花->花->其它花->光芒,花->灿烂->闪亮
13005,佳代子,19.9825,18.6127,57.4676,96.0628,1.9157,0.1234,0.0643,0.2207,0.0184,0.0000,花->光芒,玫瑰->蒲公英->花->其它花,花->灿烂->闪亮
13006,睦月,21.0725,19.4091,58.9767,99.4583,1.6803,0.3648,0.0000,0.2207,0.0184,0.0000,花->光芒,紫薇花->桔梗花->花->蒲公英,花->灿烂->闪亮
13007,纯子,20.1642,18.5768,57.7191,96.4601,1.8660,0.1780,0.0593,0.2207,0.0184,0.0000,花->光芒,水仙花->花->其它花->光芒,花->灿烂->闪亮
13008,芹香,20.1642,18.5768,57.7191,96.4601,1.8660,0.1780,0.0593,0.2207,0.0184,0.0000,花->光芒,蒲公英->花->其它花->光芒,花->灿烂->闪亮
13009,椿,19.8009,18.4596,59.4235,97.6840,1.9745,0.0644,0.0644,0.2024,0.0184,0.0184,花->光芒,牡丹->花->其它花->光芒,花->灿烂->闪亮
13010,优香,19.6192,18.0662,60.2757,97.9612,2.0450,0.0000,0.0583,0.2024,0.0000,0.0368,花->光芒,紫薇花->花->其它花->光芒,花->灿烂->闪亮
16000,春香,19.9825,18.8488,57.4676,96.2989,1.9121,0.1169,0.0743,0.2207,0.0184,0.0000,花->光芒,桔梗花->蒲公英->紫薇花->花,花->灿烂->闪亮
16001,明日奈,19.9825,18.5012,59.6750,98.1588,1.9203,0.1220,0.0610,0.2024,0.0184,0.0184,花->光芒,樱花->花->其它花->光芒,花->灿烂->闪亮
16002,琴里,20.7092,19.0596,60.6811,100.4499,1.6842,0.3616,0.0575,0.2024,0.0184,0.0184,花->光芒,郁金香->杜鹃花->花->其它花,花->灿烂->闪亮
16003,铃美,19.6192,18.0662,58.0683,95.7537,2.0450,0.0000,0.0583,0.2207,0.0000,0.0184,花->光芒,紫薇花->花->其它花->光芒,花->灿烂->闪亮
16004,菲娜,19.6192,18.2489,58.0683,95.9363,2.0389,0.0000,0.0644,0.2207,0.0000,0.0184,花->光芒,百合花->花->其它花->光芒,花->灿烂->闪亮
20000,响,19.8009,18.4596,57.2160,95.4766,1.9745,0.0644,0.0644,0.2207,0.0184,0.0000,花->光芒,玫瑰->花->其它花->光芒,花->灿烂->闪亮
20001,花凛,19.6192,18.0662,58.0683,95.7537,2.0450,0.0000,0.0583,0.2207,0.0000,0.0184,花->光芒,紫薇花->花->其它花->光芒,花->灿烂->闪亮
20002,纱绫,19.8009,18.6909,57.2160,95.7079,1.9715,0.0575,0.0744,0.2207,0.0184,0.0000,花->光芒,杜鹃花->郁金香->花->其它花,花->灿烂->闪亮
23000,爱理,20.1642,18.5768,57.7191,96.4601,1.8660,0.1780,0.0593,0.2207,0.0184,0.0000,花->光芒,水仙花->花->其它花->光芒,花->灿烂->闪亮
23001,风香,19.6192,18.5533,56.9645,95.1370,2.0288,0.0000,0.0745,0.2207,0.0184,0.0000,花->光芒,金盏花->花->其它花->光芒,花->灿烂->闪亮
23002,花江,19.9825,18.5012,57.4676,95.9514,1.9203,0.1220,0.0610,0.2207,0.0184,0.0000,花->光芒,樱花->花->其它花->光芒,花->灿烂->闪亮
23003,晴,19.9825,18.4503,58.5713,97.0042,1.9181,0.1278,0.0574,0.2207,0.0000,0.0184,花->光芒,郁金香->牵牛花->玫瑰->花,花->灿烂->闪亮
23004,歌原,19.6192,18.0662,58.0683,95.7537,2.0450,0.0000,0.0583,0.2207,0.0000,0.0184,花->光芒,紫薇花->花->其它花->光芒,花->灿烂->闪亮
23005,绫音,20.5275,18.7617,58.2221,97.5113,1.7575,0.2882,0.0576,0.2207,0.0184,0.0000,花->光芒,郁金香->花->其它花->光芒,花->灿烂->闪亮
26000,千夏,20.5275,18.7617,60.4296,99.7188,1.7575,0.2882,0.0576,0.2024,0.0184,0.0184,花->光芒,郁金香->花->其它花->光芒,花->灿烂->闪亮
26001,小玉,20.3459,18.6658,57.9706,96.9823,1.8118,0.2332,0.0583,0.2207,0.0184,0.0000,花->光芒,紫薇花->花->其它花->光芒,花->灿烂->闪亮
26002,朱莉,19.6192,18.0662,58.0683,95.7537,2.0450,0.0000,0.0583,0.2207,0.0000,0.0184,花->光芒,紫薇花->花->其它花->光芒,花->灿烂->闪亮
26003,芹娜,19.6192,18.2489,60.2757,98.1438,2.0389,0.0000,0.0644,0.2024,0.0000,0.0368,花->光芒,牡丹->花->其它花->光芒,花->灿烂->闪亮
26004,志美子,20.5275,18.7617,58.2221,97.5113,1.7575,0.2882,0.0576,0.2207,0.0184,0.0000,花->光芒,郁金香->花->其它花->光芒,花->灿烂->闪亮
26005,好美,20.1642,18.5768,57.7191,96.4601,1.8660,0.1780,0.0593,0.2207,0.0184,0.0000,花->光芒,水仙花->花->其它花->光芒,花->灿烂->闪亮
20003,真白,19.8009,18.3016,58.3198,96.4223,1.9833,0.0591,0.0609,0.2207,0.0000,0.0184,花->光芒,樱花->水仙花->花->其它花,花->灿烂->闪亮
10014,泉奈,19.6192,18.5533,56.9645,95.1370,2.0288,0.0000,0.0745,0.2207,0.0184,0.0000,花->光芒,木莲花->花->其它花->光芒,花->灿烂->闪亮
23006,静子,19.6192,18.5533,56.9645,95.1370,2.0288,0.0000,0.0745,0.2207,0.0184,0.0000,花->光芒,杜鹃花->花->其它花->光芒,花->灿烂->闪亮
10015,爱丽丝,19.9825,18.4503,58.5713,97.0042,1.9181,0.1278,0.0574,0.2207,0.0000,0.0184,花->光芒,郁金香->牵牛花->玫瑰->花,花->灿烂->闪亮
10016,绿,19.6192,18.2489,58.0683,95.9363,2.0389,0.0000,0.0644,0.2207,0.0000,0.0184,花->光芒,牡丹->花->其它花->光芒,花->灿烂->闪亮
13011,桃,19.9825,18.5878,58.5713,97.1416,1.9179,0.1213,0.0642,0.2207,0.0000,0.0184,花->光芒,玫瑰->牵牛花->郁金香->花,花->灿烂->闪亮
10017,切里诺,20.7092,19.1624,58.4736,98.3452,1.6773,0.3669,0.0592,0.2207,0.0184,0.0000,花->光芒,蒲公英->桔梗花->花->水仙花,花->灿烂->闪亮
26006,和香,20.3459,18.6958,57.9706,97.0123,1.8084,0.2368,0.0581,0.2207,0.0184,0.0000,花->光芒,水仙花->紫薇花->花->其它花,花->灿烂->闪亮
10018,柚子,20.1642,18.7965,57.7191,96.6798,1.8540,0.1851,0.0643,0.2207,0.0184,0.0000,花->光芒,玫瑰->牵牛花->花->郁金香,花->灿烂->闪亮
10019,梓,20.1642,18.7680,57.7191,96.6513,1.8440,0.2014,0.0579,0.2207,0.0184,0.0000,花->光芒,木莲花->紫薇花->牡丹->牵牛花,花->灿烂->闪亮
23007,花子,21.0725,19.2259,58.9767,99.2751,1.6991,0.2876,0.1166,0.2207,0.0184,0.0000,花->光芒,郁金香->蒲公英->花->其它花,花->灿烂->闪亮
10020,小春,20.7092,19.0606,58.4736,98.2435,1.8057,0.1792,0.1183,0.2207,0.0184,0.0000,花->光芒,樱花->郁金香->花->其它花,花->灿烂->闪亮
10021,梓（泳装）,20.5275,19.3854,59.3258,99.2387,1.8440,0.1273,0.1321,0.2207,0.0000,0.0184,花->光芒,翡翠花->紫薇花->牡丹->牵牛花,花->灿烂->闪亮
20004,真白（泳装）,20.3459,19.1886,59.0743,98.6088,1.9095,0.0606,0.1333,0.2207,0.0000,0.0184,花->光芒,翡翠花->水仙花->樱花->花,花->灿烂->闪亮
16005,鹤城（泳装）,20.1642,18.9737,58.8228,97.9607,1.9715,0.0000,0.1319,0.2207,0.0000,0.0184,花->光芒,翡翠花->郁金香->花->其它花,花->灿烂->闪亮
20005,日富美（泳装）,20.3459,19.3711,59.0743,98.7913,1.9012,0.0638,0.1383,0.2207,0.0000,0.0184,花->光芒,翡翠花->牵牛花->牡丹->花,花->灿烂->闪亮
10022,日奈（泳装）,20.1642,19.0235,58.8228,98.0106,1.9698,0.0000,0.1335,0.2207,0.0000,0.0184,花->光芒,翡翠花->蒲公英->花->其它花,花->灿烂->闪亮
10023,伊织（泳装）,20.8908,19.6591,58.7251,99.2751,1.7325,0.2376,0.1333,0.2207,0.0184,0.0000,花->光芒,翡翠花->水仙花->樱花->花,花->灿烂->闪亮
16006,泉（泳装）,20.7092,19.4976,58.4736,98.6804,1.7924,0.1774,0.1335,0.2207,0.0184,0.0000,花->光芒,翡翠花->水仙花->花->其它花,花->灿烂->闪亮
10024,白子（骑行）,19.9825,18.5096,57.4676,95.9597,1.9157,0.1285,0.0591,0.2207,0.0184,0.0000,花->光芒,牵牛花->蒲公英->花->其它花,花->灿烂->闪亮
10025,瞬（小）,20.3459,18.7176,57.9706,97.0340,1.8086,0.2354,0.0593,0.2207,0.0184,0.0000,花->光芒,水仙花->花->紫薇花->其它花,花->灿烂->闪亮
13012,桐乃,19.8009,18.7075,58.3198,96.8282,1.9698,0.0591,0.0744,0.2207,0.0000,0.0184,花->光芒,木莲花->水仙花->花->其它花,花->灿烂->闪亮
20006,纱绫（便服）,20.1642,18.6706,58.8228,97.6577,1.8537,0.1917,0.0579,0.2207,0.0000,0.0184,花->光芒,桔梗花->紫薇花->水仙花->蒲公英,花->灿烂->闪亮
10026,妮露（邦妮）,19.9825,18.5878,58.5713,97.1416,1.9179,0.1213,0.0642,0.2207,0.0000,0.0184,花->光芒,玫瑰->牵牛花->郁金香->花,花->灿烂->闪亮
10027,花凛（邦妮）,19.6192,18.0662,58.0683,95.7537,2.0450,0.0000,0.0583,0.2207,0.0000,0.0184,花->光芒,紫薇花->花->其它花->光芒,花->灿烂->闪亮
10028,明日奈（邦妮）,20.1642,18.5768,59.9265,98.6675,1.8660,0.1780,0.0593,0.2024,0.0184,0.0184,花->光芒,水仙花->花->其它花->光芒,花->灿烂->闪亮
10029,夏,20.3459,18.7258,57.9706,97.0422,1.8074,0.2368,0.0591,0.2207,0.0184,0.0000,花->光芒,水仙花->蒲公英->花->其它花,花->灿烂->闪亮
23008,玛丽,19.8009,18.8572,57.2160,95.8742,1.9548,0.0741,0.0744,0.2207,0.0184,0.0000,花->光芒,木莲花->桔梗花->花->其它花,花->灿烂->闪亮
20007,初音未来,19.0742,17.6167,55.1063,91.7972,2.1033,0.0000,0.0000,0.2391,0.0000,0.0000,花->光芒,花->其它花->光芒,花->灿烂->闪亮
20008,亚子,20.5275,19.3154,58.2221,98.0651,1.7357,0.2932,0.0744,0.2207,0.0184,0.0000,花->光芒,杜鹃花->蒲公英->花->郁金香,花->灿烂->闪亮
20009,切里诺（温泉）,20.1642,18.6996,58.8228,97.6866,1.8533,0.1910,0.0591,0.2207,0.0000,0.0184,花->光芒,蒲公英->桔梗花->紫薇花->花,花->灿烂->闪亮
10030,千夏（温泉）,21.6175,19.7005,60.8349,102.1529,1.5218,0.4649,0.1167,0.2024,0.0368,0.0000,花->光芒,蒲公英->郁金香->花->其它花,花->灿烂->闪亮
16007,巴,19.9825,18.4930,58.5713,97.0468,1.9140,0.1319,0.0575,0.2207,0.0000,0.0184,花->光芒,木莲花->郁金香->花->其它花,花->灿烂->闪亮
20010,和香（温泉）,20.7092,19.2258,59.5774,99.5123,1.6811,0.3580,0.0643,0.2024,0.0368,0.0000,花->光芒,百合花->水仙花->花->紫薇花,花->灿烂->闪亮
10031,爱露（新年）,20.1642,18.5768,57.7191,96.4601,1.8660,0.1780,0.0593,0.2207,0.0184,0.0000,花->光芒,蒲公英->花->其它花->光芒,花->灿烂->闪亮
10032,睦月（新年）,20.7092,19.1117,58.4736,98.2946,1.6803,0.3648,0.0582,0.2207,0.0184,0.0000,花->光芒,紫薇花->桔梗花->花->蒲公英,花->灿烂->闪亮
20011,芹香（新年）,20.1642,18.5768,57.7191,96.4601,1.8660,0.1780,0.0593,0.2207,0.0184,0.0000,花->光芒,蒲公英->花->其它花->光芒,花->灿烂->闪亮
10033,若藻,19.6192,18.0662,58.0683,95.7537,2.0450,0.0000,0.0583,0.2207,0.0000,0.0184,花->光芒,紫薇花->花->其它花->光芒,花->灿烂->闪亮
16008,吹雪,20.1642,18.5768,57.7191,96.4601,1.8660,0.1780,0.0593,0.2207,0.0184,0.0000,花->光芒,水仙花->花->其它花->光芒,花->灿烂->闪亮
20012,濑名,20.1642,18.8963,59.9265,98.9871,1.8440,0.1951,0.0643,0.2024,0.0184,0.0184,花->光芒,牡丹->杜鹃花->花->郁金香,花->灿烂->闪亮
20013,千寻,19.9825,18.6127,57.4676,96.0628,1.9157,0.1234,0.0643,0.2207,0.0184,0.0000,花->光芒,玫瑰->蒲公英->花->其它花,花->灿烂->闪亮
10034,三森,20.1642,19.4727,58.8228,98.4597,1.9548,0.0000,0.1485,0.2024,0.0368,0.0000,花->光芒,金盏花->木莲花->花->其它花,花->灿烂->闪亮
10035,忧,20.8908,19.0479,60.9326,100.8714,1.7575,0.2305,0.1153,0.2024,0.0184,0.0184,花->光芒,郁金香->花->其它花->光芒,花->灿烂->闪亮
10036,日向,19.8009,18.8572,59.4235,98.0816,1.9548,0.0741,0.0744,0.2024,0.0184,0.0184,花->光芒,桔梗花->木莲花->花->其它花,花->灿烂->闪亮
10037,真里奈,20.3459,18.6958,57.9706,97.0123,1.8084,0.2368,0.0581,0.2207,0.0184,0.0000,花->光芒,蒲公英->紫薇花->花->其它花,花->灿烂->闪亮
10038,宫子,19.9825,18.3680,58.5713,96.9218,1.9264,0.1196,0.0574,0.2207,0.0000,0.0184,花->光芒,郁金香->樱花->水仙花->花,花->灿烂->闪亮
20014,咲,20.8908,19.3472,58.7251,98.9632,1.6182,0.4246,0.0606,0.2207,0.0184,0.0000,花->光芒,蒲公英->杜鹃花->樱花->花,花->灿烂->闪亮
10039,美游,19.9825,18.8752,58.5713,97.4291,1.9094,0.1196,0.0743,0.2207,0.0000,0.0184,花->光芒,木莲花->樱花->水仙花->花,花->灿烂->闪亮
20015,枫,21.2542,19.6252,59.2282,100.1076,1.4985,0.5469,0.0579,0.2207,0.0184,0.0000,花->光芒,紫薇花->桔梗花->牵牛花->玫瑰,花->灿烂->闪亮
20016,伊吕波,20.8908,19.1540,58.7251,98.7700,1.6312,0.4148,0.0574,0.2207,0.0184,0.0000,花->光芒,郁金香->牵牛花->玫瑰->花,花->灿烂->闪亮
16009,满,20.1642,18.5768,57.7191,96.4601,1.8660,0.1780,0.0593,0.2207,0.0184,0.0000,花->光芒,蒲公英->花->其它花->光芒,花->灿烂->闪亮
10040,月咏,19.9825,18.8488,57.4676,96.2989,1.9121,0.1169,0.0743,0.2207,0.0184,0.0000,花->光芒,桔梗花->蒲公英->紫薇花->花,花->灿烂->闪亮
10041,美咲,19.6192,18.0662,58.0683,95.7537,2.0450,0.0000,0.0583,0.2207,0.0000,0.0184,花->光芒,紫薇花->花->其它花->光芒,花->灿烂->闪亮
20017,日和,19.6192,18.5533,56.9645,95.1370,2.0288,0.0000,0.0745,0.2207,0.0184,0.0000,花->光芒,金盏花->花->其它花->光芒,花->灿烂->闪亮
10042,亚津子,19.8009,18.3516,58.3198,96.4723,1.9715,0.0744,0.0575,0.2207,0.0000,0.0184,花->光芒,杜鹃花->郁金香->花->其它花,花->灿烂->闪亮
10043,若藻（泳装）,20.1642,18.9936,58.8228,97.9806,1.9708,0.0000,0.1325,0.2207,0.0000,0.0184,花->光芒,翡翠花->紫薇花->花->其它花,花->灿烂->闪亮
10044,野宫（泳装）,20.5275,19.4227,58.2221,98.1723,1.8466,0.1216,0.1352,0.2207,0.0184,0.0000,花->光芒,翡翠花->樱花->花->其它花,花->灿烂->闪亮
26007,绫音（泳装）,21.0725,19.6806,61.1841,101.9372,1.6842,0.2873,0.1319,0.2024,0.0184,0.0184,花->光芒,翡翠花->郁金香->花->其它花,花->灿烂->闪亮
10045,星野（泳装）,20.1642,19.0235,61.0303,100.2180,1.9698,0.0000,0.1335,0.2024,0.0000,0.0368,花->光芒,翡翠花->蒲公英->花->其它花,花->灿烂->闪亮
26008,静子（泳装）,20.1642,19.4727,57.7191,97.3560,1.9548,0.0000,0.1485,0.2207,0.0184,0.0000,花->光芒,杜鹃花->翡翠花->花->其它花,花->灿烂->闪亮
10046,泉奈（泳装）,20.1642,19.4727,57.7191,97.3560,1.9548,0.0000,0.1485,0.2207,0.0184,0.0000,花->光芒,木莲花->翡翠花->花->其它花,花->灿烂->闪亮
10047,千世（泳装）,21.0725,19.6806,58.9767,99.7298,1.6842,0.2873,0.1319,0.2207,0.0184,0.0000,花->光芒,翡翠花->郁金香->花->其它花,花->灿烂->闪亮
10048,纱织,20.3459,18.8551,57.9706,97.1716,1.9203,0.0610,0.1220,0.2207,0.0184,0.0000,花->光芒,樱花->花->其它花->光芒,花->灿烂->闪亮
20018,萌绘,20.1642,18.7792,57.7191,96.6625,1.8554,0.1837,0.0642,0.2207,0.0184,0.0000,花->光芒,玫瑰->樱花->水仙花->花,花->灿烂->闪亮
10049,和纱,20.3459,18.7440,57.9706,97.0605,1.8057,0.2384,0.0592,0.2207,0.0184,0.0000,花->光芒,水仙花->樱花->花->其它花,花->灿烂->闪亮
10050,心奈,20.1642,18.5768,58.8228,97.5638,1.8660,0.1780,0.0593,0.2207,0.0000,0.0184,花->光芒,水仙花->花->其它花->光芒,花->灿烂->闪亮
10051,歌原（应援团）,19.9825,18.4796,58.5713,97.0335,1.9167,0.1285,0.0581,0.2207,0.0000,0.0184,花->光芒,玫瑰->紫薇花->花->其它花,花->灿烂->闪亮
10052,诺亚,20.5275,18.7617,58.2221,97.5113,1.7575,0.2882,0.0576,0.2207,0.0184,0.0000,花->光芒,郁金香->花->其它花->光芒,花->灿烂->闪亮
16010,响（应援团）,20.1642,18.9123,59.9265,99.0031,1.8421,0.1970,0.0642,0.2024,0.0184,0.0184,花->光芒,玫瑰->金盏花->蒲公英->花,花->灿烂->闪亮
20019,茜（邦妮）,19.6192,18.5533,58.0683,96.2408,2.0288,0.0000,0.0745,0.2207,0.0000,0.0184,花->光芒,金盏花->花->其它花->光芒,花->灿烂->闪亮
10053,优香（体操服）,19.6192,18.0662,55.8608,93.5462,2.0450,0.0000,0.0583,0.2391,0.0000,0.0000,花->光芒,紫薇花->花->其它花->光芒,花->灿烂->闪亮
10054,玛丽（体操服）,19.8009,18.8572,59.4235,98.0816,1.9548,0.0741,0.0744,0.2024,0.0184,0.0184,花->光芒,木莲花->桔梗花->花->其它花,花->灿烂->闪亮
16011,莲见（体操服）,20.3459,18.7773,59.0743,98.1975,1.8024,0.2417,0.0592,0.2207,0.0000,0.0184,花->光芒,水仙花->百合花->花->其它花,花->灿烂->闪亮
20020,日鞠,20.1642,18.5768,58.8228,97.5638,1.8660,0.1780,0.0593,0.2207,0.0000,0.0184,花->光芒,蒲公英->花->其它花->光芒,花->灿烂->闪亮
10055,时雨,19.8009,18.6909,58.3198,96.8116,1.9715,0.0575,0.0744,0.2207,0.0000,0.0184,花->光芒,杜鹃花->郁金香->花->其它花,花->灿烂->闪亮
10056,芹娜（圣诞）,19.9825,18.7624,59.6750,98.4200,1.9007,0.1384,0.0643,0.2024,0.0184,0.0184,花->光芒,牡丹->杜鹃花->花->其它花,花->灿烂->闪亮
20021,花江（圣诞）,19.9825,18.7624,59.6750,98.4200,1.9007,0.1384,0.0643,0.2024,0.0184,0.0184,花->光芒,牵牛花->杜鹃花->花->其它花,花->灿烂->闪亮
10057,晴奈（新年）,20.1642,19.0235,58.8228,98.0106,1.9698,0.0000,0.1335,0.2207,0.0000,0.0184,花->光芒,木莲花->水仙花->花->其它花,花->灿烂->闪亮
20022,风香（新年）,20.1642,19.4727,59.9265,99.5635,1.9548,0.0000,0.1485,0.2024,0.0184,0.0184,花->光芒,金盏花->杜鹃花->花->其它花,花->灿烂->闪亮
16012,纯子（新年）,20.1642,18.5768,58.8228,97.5638,1.8660,0.1780,0.0593,0.2207,0.0000,0.0184,花->光芒,水仙花->花->其它花->光芒,花->灿烂->闪亮
10058,美祢,19.9825,18.5012,58.5713,97.0551,1.9203,0.1220,0.0610,0.2207,0.0000,0.0184,花->光芒,樱花->花->其它花->光芒,花->灿烂->闪亮
10059,未花,20.7092,19.1271,60.6811,100.5174,1.6842,0.3583,0.0609,0.2024,0.0184,0.0184,花->光芒,樱花->水仙花->花->其它花,花->灿烂->闪亮
10060,惠,20.7092,19.1117,59.5774,99.3983,1.6803,0.3648,0.0582,0.2207,0.0000,0.0184,花->光芒,紫薇花->桔梗花->花->蒲公英,花->灿烂->闪亮
20023,康娜,19.8009,18.6909,58.3198,96.8116,1.9715,0.0575,0.0744,0.2207,0.0000,0.0184,花->光芒,杜鹃花->郁金香->花->其它花,花->灿烂->闪亮
10061,樱子,20.1642,18.5768,58.8228,97.5638,1.8660,0.1780,0.0593,0.2207,0.0000,0.0184,花->光芒,水仙花->花->其它花->光芒,花->灿烂->闪亮
10062,时,20.1642,18.8963,58.8228,97.8833,1.8440,0.1951,0.0643,0.2207,0.0000,0.0184,花->光芒,牵牛花->杜鹃花->花->郁金香,花->灿烂->闪亮
20024,渚,20.3459,18.7274,59.0743,98.1476,1.8074,0.2367,0.0592,0.2207,0.0000,0.0184,花->光芒,蒲公英->水仙花->花->其它花,花->灿烂->闪亮
10063,小雪,20.8908,19.1313,59.8289,99.8510,1.7533,0.2327,0.1173,0.2207,0.0000,0.0184,花->光芒,紫薇花->蒲公英->花->其它花,花->灿烂->闪亮
10064,佳代子（新年）,20.5275,19.5287,61.5333,101.5896,1.8421,0.1229,0.1383,0.1840,0.0368,0.0184,花->光芒,木莲花->玫瑰->蒲公英->花,花->灿烂->闪亮
20025,春香（新年）,19.9825,18.8488,58.5713,97.4027,1.9121,0.1169,0.0743,0.2207,0.0000,0.0184,花->光芒,桔梗花->蒲公英->紫薇花->花,花->灿烂->闪亮
10065,果穗,20.5275,18.7617,59.3258,98.6150,1.7575,0.2882,0.0576,0.2207,0.0000,0.0184,花->光芒,郁金香->花->其它花->光芒,花->灿烂->闪亮
10066,爱丽丝（女仆）,21.4358,19.7490,62.7909,103.9757,1.5567,0.4318,0.1149,0.2024,0.0000,0.0368,花->光芒,紫薇花->木莲花->郁金香->牵牛花,花->灿烂->闪亮
10067,时（邦妮）,20.1642,18.8963,61.0303,100.0908,1.8440,0.1951,0.0643,0.2024,0.0000,0.0368,花->光芒,牵牛花->杜鹃花->花->郁金香,花->灿烂->闪亮
26009,柚子（女仆）,20.1642,18.7965,58.8228,97.7835,1.8540,0.1851,0.0643,0.2207,0.0000,0.0184,花->光芒,玫瑰->牵牛花->花->郁金香,花->灿烂->闪亮
10068,玲纱,20.7092,19.2335,60.6811,100.6238,1.6803,0.3587,0.0643,0.2024,0.0184,0.0184,花->光芒,玫瑰->水仙花->花->蒲公英,花->灿烂->闪亮
10069,瑠海,20.1642,19.4727,58.8228,98.4597,1.9548,0.0000,0.1485,0.2207,0.0000,0.0184,花->光芒,金盏花->木莲花->花->其它花,花->灿烂->闪亮
10070,南,20.8908,19.3339,59.8289,100.0536,1.7352,0.2497,0.1184,0.2207,0.0000,0.0184,花->光芒,蒲公英->桔梗花->花->紫薇花,花->灿烂->闪亮
20026,实梨,21.0725,19.3435,61.1841,101.6001,1.6842,0.3041,0.1150,0.2024,0.0184,0.0184,花->光芒,郁金香->杜鹃花->花->其它花,花->灿烂->闪亮
10071,宫子（泳装）,20.5275,19.2844,59.3258,99.1378,1.8528,0.1192,0.1314,0.2207,0.0000,0.0184,花->光芒,翡翠花->郁金香->樱花->水仙花,花->灿烂->闪亮
10072,咲（泳装）,21.4358,20.2504,61.6872,103.3734,1.5458,0.4230,0.1345,0.2024,0.0184,0.0184,花->光芒,翡翠花->蒲公英->杜鹃花->樱花,花->灿烂->闪亮
26010,美游（泳装）,20.5275,19.7834,59.3258,99.6368,1.8361,0.1192,0.1480,0.2207,0.0000,0.0184,花->光芒,木莲花->翡翠花->樱花->水仙花,花->灿烂->闪亮
20027,白子（泳装）,20.3459,19.3812,59.0743,98.8014,1.9007,0.0641,0.1385,0.2207,0.0000,0.0184,花->光芒,翡翠花->牵牛花->花->其它花,花->灿烂->闪亮
10073,忧（泳装）,21.9808,20.4157,61.3380,103.7345,1.6261,0.2293,0.2479,0.2207,0.0000,0.0184,花->光芒,翡翠花->郁金香->蒲公英->花,花->灿烂->闪亮
20028,日向（泳装）,20.3459,19.7687,59.0743,99.1889,1.8814,0.0736,0.1483,0.2207,0.0000,0.0184,花->光芒,金盏花->翡翠花->木莲花->花,花->灿烂->闪亮
16013,小春（泳装）,20.3459,19.1151,59.0743,98.5353,1.9140,0.0575,0.1319,0.2207,0.0000,0.0184,花->光芒,翡翠花->郁金香->花->其它花,花->灿烂->闪亮
10074,花子（泳装）,21.0725,20.0632,61.1841,102.3198,1.7734,0.1950,0.0743,0.2024,0.0184,0.0184,花->光芒,翡翠花->樱花->木莲花->花,花->灿烂->闪亮
20029,三森（泳装）,21.7991,20.4667,63.2939,105.5598,1.4313,0.5406,0.1314,0.1840,0.0368,0.0184,花->光芒,翡翠花->郁金香->金盏花->樱花,花->灿烂->闪亮
10075,芽留,21.4358,19.5055,61.6872,102.6285,1.4677,0.5775,0.0582,0.2024,0.0184,0.0184,花->光芒,紫薇花->郁金香->花->其它花,花->灿烂->闪亮
13013,红叶,20.7092,18.9265,59.5774,99.2131,1.6975,0.3483,0.0575,0.2207,0.0000,0.0184,花->光芒,郁金香->樱花->花->其它花,花->灿烂->闪亮
10076,琴里（应援团）,20.3459,18.8958,59.0743,98.3160,1.7867,0.2593,0.0573,0.2207,0.0000,0.0184,花->光芒,牵牛花->杜鹃花->郁金香->花,花->灿烂->闪亮
20030,晴奈（运动服）,20.5275,18.9853,60.4296,99.9424,1.7383,0.3058,0.0592,0.2024,0.0184,0.0184,花->光芒,水仙花->牵牛花->花->其它花,花->灿烂->闪亮
10077,一花,20.5275,19.2057,61.5333,101.2666,1.7194,0.3232,0.0608,0.1840,0.0368,0.0184,花->光芒,樱花->玫瑰->木莲花->花,花->灿烂->闪亮
10078,霞,19.9825,18.3998,58.5713,96.9536,1.9268,0.1173,0.0592,0.2207,0.0000,0.0184,花->光芒,蒲公英->紫薇花->花->其它花,花->灿烂->闪亮
20031,时雨（温泉）,19.8009,18.6909,58.3198,96.8116,1.9715,0.0575,0.0744,0.2207,0.0000,0.0184,花->光芒,杜鹃花->郁金香->花->其它花,花->灿烂->闪亮
10079,御坂美琴,19.0742,17.6167,55.1063,91.7972,2.1033,0.0000,0.0000,0.2391,0.0000,0.0000,花->光芒,花->其它花->光芒,花->灿烂->闪亮
10080,食蜂操祈,19.0742,17.6167,55.1063,91.7972,2.1033,0.0000,0.0000,0.2391,0.0000,0.0000,花->光芒,花->其它花->光芒,花->灿烂->闪亮
26011,佐天泪子,19.0742,17.6167,55.1063,91.7972,2.1033,0.0000,0.0000,0.2391,0.0000,0.0000,花->光芒,花->其它花->光芒,花->灿烂->闪亮
10081,紫草,20.3459,19.1816,60.1781,99.7055,1.7924,0.2365,0.0744,0.2024,0.0184,0.0184,花->光芒,木莲花->水仙花->花->其它花,花->灿烂->闪亮
10082,莲华,20.8908,19.7917,60.9326,101.6151,1.8438,0.0640,0.1956,0.2024,0.0184,0.0184,花->光芒,金盏花->百合花->郁金香->花,花->灿烂->闪亮
10083,桔梗,21.7991,19.9112,61.0865,102.7968,1.6842,0.1891,0.2300,0.2207,0.0000,0.0184,花->光芒,郁金香->杜鹃花->花->其它花,花->灿烂->闪亮
20032,艾米（泳装）,20.8908,19.6918,58.7251,99.3078,1.7292,0.2408,0.1333,0.2207,0.0184,0.0000,花->光芒,翡翠花->蒲公英->玫瑰->花,花->灿烂->闪亮
10084,小玉（露营）,20.3459,18.6658,60.1781,99.1897,1.8118,0.2332,0.0583,0.2024,0.0184,0.0184,花->光芒,紫薇花->花->其它花->光芒,花->灿烂->闪亮
10085,晴（露营）,19.9825,18.4503,58.5713,97.0042,1.9181,0.1278,0.0574,0.2207,0.0000,0.0184,花->光芒,郁金香->牵牛花->玫瑰->花,花->灿烂->闪亮
10087,亚子（礼服）,21.0725,19.7317,61.1841,101.9883,1.6785,0.2933,0.1316,0.2024,0.0184,0.0184,花->光芒,杜鹃花->蒲公英->郁金香->花,花->灿烂->闪亮
16014,伊吹,21.7991,19.9027,63.2939,104.9957,1.5759,0.3519,0.1755,0.2024,0.0000,0.0368,花->光芒,紫薇花->水仙花->花->其它花,花->灿烂->闪亮
20033,真琴,21.2542,19.6515,60.3319,101.2376,1.7352,0.1905,0.1776,0.2207,0.0000,0.0184,花->光芒,蒲公英->桔梗花->花->紫薇花,花->灿烂->闪亮
10086,日奈（礼服）,20.3459,18.9287,59.0743,98.3489,1.9157,0.0643,0.1234,0.2207,0.0000,0.0184,花->光芒,百合花->蒲公英->花->其它花,花->灿烂->闪亮
10088,佳代子（礼服）,20.3459,18.9287,59.0743,98.3489,1.9157,0.0643,0.1234,0.2207,0.0000,0.0184,花->光芒,玫瑰->蒲公英->花->其它花,花->灿烂->闪亮
10089,爱露（礼服）,20.8908,19.2170,59.8289,99.9367,1.8660,0.0593,0.1780,0.2207,0.0000,0.0184,花->光芒,蒲公英->花->其它花->光芒,花->灿烂->闪亮
20034,明里（正月）,19.8009,18.4031,58.3198,96.5238,1.9799,0.0591,0.0643,0.2207,0.0000,0.0184,花->光芒,百合花->水仙花->花->其它花,花->灿烂->闪亮
10090,海香,20.7092,19.1117,59.5774,99.3983,1.6803,0.3648,0.0582,0.2207,0.0000,0.0184,花->光芒,紫薇花->桔梗花->花->蒲公英,花->灿烂->闪亮
20035,椿（导游）,20.8908,19.3030,60.9326,101.1265,1.6300,0.4090,0.0643,0.2024,0.0184,0.0184,花->光芒,牡丹->郁金香->花->其它花,花->灿烂->闪亮
10091,和纱（乐队）,20.8908,19.2418,59.8289,99.9615,1.7444,0.2405,0.1184,0.2207,0.0000,0.0184,花->光芒,水仙花->玫瑰->花->蒲公英,花->灿烂->闪亮
10092,好美（乐队）,20.7092,19.0617,59.5774,99.3483,1.8057,0.1792,0.1184,0.2207,0.0000,0.0184,花->光芒,水仙花->樱花->花->其它花,花->灿烂->闪亮
16015,爱莉（乐队）,20.7092,19.1948,59.5774,99.4814,1.7924,0.1925,0.1184,0.2207,0.0000,0.0184,花->光芒,水仙花->木莲花->花->其它花,花->灿烂->闪亮
10093,绮罗罗,20.5275,19.1543,61.5333,101.2151,1.8466,0.1350,0.1218,0.2024,0.0000,0.0368,花->光芒,樱花->木莲花->花->其它花,花->灿烂->闪亮
10094,桃井（女仆）,20.3459,18.9922,60.1781,99.5161,1.7908,0.2483,0.0642,0.2024,0.0184,0.0184,花->光芒,玫瑰->牡丹->牵牛花->花,花->灿烂->闪亮
10095,绿（女仆）,20.1642,19.0899,58.8228,98.0769,1.8447,0.1844,0.0743,0.2207,0.0000,0.0184,花->光芒,金盏花->牵牛花->玫瑰->花,花->灿烂->闪亮
20036,芹香（泳装）,20.8908,19.7900,59.8289,100.5097,1.7194,0.2506,0.1333,0.2207,0.0000,0.0184,花->光芒,翡翠花->蒲公英->木莲花->花,花->灿烂->闪亮
10096,康娜（泳装）,21.0725,19.6806,60.0804,100.8335,1.6842,0.2873,0.1319,0.2207,0.0000,0.0184,花->光芒,翡翠花->郁金香->花->其它花,花->灿烂->闪亮
20037,吹雪（泳装）,21.6175,20.3241,60.8349,102.7766,1.6100,0.3014,0.1919,0.2207,0.0000,0.0184,花->光芒,翡翠花->水仙花->牵牛花->玫瑰,花->灿烂->闪亮
26012,桐乃（泳装）,20.5275,19.5287,59.3258,99.3821,1.8421,0.1229,0.1383,0.2207,0.0000,0.0184,花->光芒,翡翠花->牵牛花->水仙花->花,花->灿烂->闪亮
10097,萌绘（泳装）,20.8908,19.8455,59.8289,100.5652,1.5956,0.4336,0.0742,0.2207,0.0000,0.0184,花->光芒,翡翠花->玫瑰->桔梗花->樱花,花->灿烂->闪亮
10098,星野（临战）,21.2542,19.5505,61.4356,102.2403,1.7474,0.1772,0.1787,0.2024,0.0184,0.0184,花->光芒,蒲公英->樱花->水仙花->花,花->灿烂->闪亮
10099,星野（临战）,21.2542,19.5505,61.4356,102.2403,1.7474,0.1772,0.1787,0.2024,0.0184,0.0184,花->光芒,蒲公英->樱花->水仙花->花,花->灿烂->闪亮
10100,白子＊恐怖,19.8009,18.4596,57.2160,95.4766,1.9745,0.0644,0.0644,0.2207,0.0184,0.0000,花->光芒,牵牛花->花->其它花->光芒,花->灿烂->闪亮
26013,亚津子（泳装）,22.1625,20.8114,62.6932,105.6671,1.4246,0.4901,0.1886,0.2024,0.0184,0.0184,花->光芒,翡翠花->郁金香->桔梗花->杜鹃花,花->灿烂->闪亮
10101,纱织（泳装）,21.4358,20.2680,61.6872,103.3910,1.7886,0.0580,0.2568,0.2024,0.0184,0.0184,花->光芒,翡翠花->樱花->花->水仙花,花->灿烂->闪亮
10102,日和（泳装）,21.4358,20.0937,60.5834,102.1130,1.6729,0.2402,0.1902,0.2207,0.0000,0.0184,花->光芒,翡翠花->水仙花->郁金香->百合花,花->灿烂->闪亮
10103,真里奈（旗袍）,21.0725,19.2893,62.2879,102.6496,1.5759,0.4692,0.0582,0.1840,0.0368,0.0184,花->光芒,紫薇花->蒲公英->花->其它花,花->灿烂->闪亮
20038,巴（旗袍）,20.8908,19.2843,62.0363,102.2115,1.6245,0.4183,0.0606,0.1840,0.0368,0.0184,花->光芒,郁金香->木莲花->樱花->花,花->灿烂->闪亮
10104,丽情,20.1642,19.1153,58.8228,98.1023,1.8421,0.1869,0.0743,0.2207,0.0000,0.0184,花->光芒,杜鹃花->牵牛花->蒲公英->花,花->灿烂->闪亮
20039,妃咲,21.2542,19.9719,61.4356,102.6617,1.4966,0.5325,0.0743,0.2024,0.0184,0.0184,花->光芒,金盏花->郁金香->桔梗花->花,花->灿烂->闪亮
10105,玛丽（偶像）,20.1642,19.4727,58.8228,98.4597,1.9548,0.0000,0.1485,0.2207,0.0000,0.0184,花->光芒,金盏花->木莲花->花->其它花,花->灿烂->闪亮
10106,樱子（偶像）,21.4358,20.1220,61.6872,103.2450,1.4380,0.5912,0.0742,0.2024,0.0184,0.0184,花->光芒,杜鹃花->郁金香->桔梗花->蒲公英,花->灿烂->闪亮
16016,美祢（偶像）,21.2542,19.7370,61.4356,102.4268,1.7361,0.1849,0.1823,0.2024,0.0184,0.0184,花->光芒,樱花->牡丹->紫薇花->牵牛花,花->灿烂->闪亮
10107,千秋,20.7092,18.9103,60.6811,100.3006,1.6994,0.3463,0.0576,0.2024,0.0184,0.0184,花->光芒,郁金香->花->蒲公英->其它花,花->灿烂->闪亮
20040,皋月,20.8908,19.2064,60.9326,101.0298,1.6262,0.4196,0.0575,0.2024,0.0184,0.0184,花->光芒,郁金香->杜鹃花->花->蒲公英,花->灿烂->闪亮
10108,优香（睡衣）,20.7092,19.3803,61.7848,101.8743,1.6654,0.3738,0.0642,0.1840,0.0368,0.0184,花->光芒,牡丹->玫瑰->樱花->花,花->灿烂->闪亮
10109,诺亚（睡衣）,21.4358,19.6727,62.7909,103.8994,1.4493,0.5966,0.0574,0.1840,0.0368,0.0184,花->光芒,郁金香->牡丹->樱花->花,花->灿烂->闪亮
10110,圣娅,21.0725,19.3449,60.0804,100.4978,1.5690,0.4768,0.0575,0.2207,0.0000,0.0184,花->光芒,郁金香->桔梗花->花->蒲公英,花->灿烂->闪亮
10112,明日奈（制服）,20.3459,18.8551,59.0743,98.2753,1.9203,0.0610,0.1220,0.2207,0.0000,0.0184,花->光芒,樱花->花->其它花->光芒,花->灿烂->闪亮
26014,花凛（制服）,19.9825,18.9920,58.5713,97.5459,1.8978,0.1313,0.0743,0.2207,0.0000,0.0184,花->光芒,金盏花->木莲花->郁金香->花,花->灿烂->闪亮
10111,妮露（制服）,21.2542,19.6252,60.3319,101.2113,1.4985,0.5469,0.0579,0.2207,0.0000,0.0184,花->光芒,紫薇花->桔梗花->牵牛花->玫瑰,花->灿烂->闪亮
20041,莉音,20.5275,19.0700,59.3258,98.9233,1.7270,0.3185,0.0578,0.2207,0.0000,0.0184,花->光芒,玫瑰->桔梗花->紫薇花->蒲公英,花->灿烂->闪亮
20042,真纪（露营）,20.7092,19.2276,60.6811,100.6179,1.7966,0.1845,0.1222,0.2024,0.0184,0.0184,花->光芒,玫瑰->紫薇花->牵牛花->花,花->灿烂->闪亮
10113,濑名（便服）,20.3459,19.2775,59.0743,98.6977,1.7826,0.2464,0.0743,0.2207,0.0000,0.0184,花->光芒,杜鹃花->桔梗花->蒲公英->花,花->灿烂->闪亮
10114,朱莉（打工）,19.9825,19.0247,58.5713,97.5785,1.8945,0.1345,0.0743,0.2207,0.0000,0.0184,花->光芒,木莲花->金盏花->樱花->花,花->灿烂->闪亮
20043,泉（正月）,20.1642,18.5768,57.7191,96.4601,1.8660,0.1780,0.0593,0.2207,0.0184,0.0000,花->光芒,水仙花->花->其它花->光芒,花->灿烂->闪亮
10115,丽,19.6192,18.1935,58.0683,95.8810,1.9157,0.1877,0.0000,0.2207,0.0000,0.0184,花->光芒,玫瑰->蒲公英->花->其它花,花->灿烂->闪亮
20044,堇（打工）,19.9825,18.7624,59.6750,98.4200,1.9007,0.1384,0.0643,0.2024,0.0184,0.0184,花->光芒,牵牛花->杜鹃花->花->其它花,花->灿烂->闪亮
10116,サオリ（ドレス）,20.1642,18.8028,59.9265,98.8936,1.8466,0.1959,0.0609,0.2024,0.0184,0.0184,花->光芒,樱花->木莲花->花->其它花,花->灿烂->闪亮
